domain,category,inlinks
nytimes.com,Domestic News,35739
businessinsider.com,Domestic News,24586
usatoday.com,Domestic News,24038
theguardian.com,Domestic News,19008
cbssports.com,Domestic News,17162
rawstory.com,Domestic News,15363
cnn.com,Domestic News,13132
espn.com,Domestic News,12850
forbes.com,Domestic News,11921
cnbc.com,Domestic News,10108
prnewswire.com,Domestic News,9780
thestreet.com,Domestic News,9702
latimes.com,Domestic News,8243
usmagazine.com,Domestic News,7991
dailycaller.com,Domestic News,7892
washingtonpost.com,Domestic News,7773
sbnation.com,Domestic News,7184
upi.com,Domestic News,6810
bleacherreport.com,Domestic News,6252
huffpost.com,Domestic News,5819
foxsports.com,Domestic News,5657
politico.com,Domestic News,5604
variety.com,Domestic News,5580
vox.com,Domestic News,5393
nbcnews.com,Domestic News,5338
newsweek.com,Domestic News,5307
hollywoodlife.com,Domestic News,5160
bloomberg.com,Domestic News,5107
cbsnews.com,Domestic News,4937
techradar.com,Domestic News,4926
breitbart.com,Domestic News,4649
thedailybeast.com,Domestic News,3997
thewrap.com,Domestic News,3825
ajc.com,Domestic News,3800
apnews.com,Domestic News,3586
vanityfair.com,Domestic News,3439
theconversation.com,Domestic News,3373
marketwatch.com,Domestic News,3294
uproxx.com,Domestic News,3266
rollingstone.com,Domestic News,3125
reuters.com,Domestic News,3115
wsj.com,Domestic News,3010
cnet.com,Domestic News,2856
salon.com,Domestic News,2856
nj.com,Domestic News,2590
time.com,Domestic News,2506
theverge.com,Domestic News,2477
eonline.com,Domestic News,2386
mlive.com,Domestic News,2298
tmz.com,Domestic News,2224
npr.org,Domestic News,2180
zdnet.com,Domestic News,2099
techcrunch.com,Domestic News,2095
ibtimes.com,Domestic News,2075
sportingnews.com,Domestic News,2041
dailydot.com,Domestic News,2038
gizmodo.com,Domestic News,1939
mercurynews.com,Domestic News,1913
investors.com,Domestic News,1898
mongabay.com,Domestic News,1727
fivethirtyeight.com,Domestic News,1724
cleveland.com,Domestic News,1716
thehill.com,Domestic News,1710
tampabay.com,Domestic News,1691
bustle.com,Domestic News,1687
ocregister.com,Domestic News,1570
foxnews.com,Domestic News,1570
seattletimes.com,Domestic News,1557
pitchfork.com,Domestic News,1547
buzzfeednews.com,Domestic News,1544
azcentral.com,Domestic News,1495
insider.com,Domestic News,1480
pjmedia.com,Domestic News,1467
centralmaine.com,Domestic News,1416
theatlantic.com,Domestic News,1361
mashable.com,Domestic News,1332
elitedaily.com,Domestic News,1268
boston.com,Domestic News,1267
ap.org,Domestic News,1260
nationalreview.com,Domestic News,1236
nypost.com,Domestic News,1217
jsonline.com,Domestic News,1204
redstate.com,Domestic News,1171
denverpost.com,Domestic News,1161
indiewire.com,Domestic News,1156
realclearpolitics.com,Domestic News,1155
vice.com,Domestic News,1154
slate.com,Domestic News,1128
stripes.com,Domestic News,1116
nbcsports.com,Domestic News,1105
cincinnati.com,Domestic News,1056
militarytimes.com,Domestic News,1051
247sports.com,Domestic News,1027
buzzfeed.com,Domestic News,1014
newsone.com,Domestic News,1007
houstonchronicle.com,Domestic News,1005
bostonglobe.com,Domestic News,1003
sfgate.com,Domestic News,994
engadget.com,Domestic News,977
abcnews.go.com,Domestic News,947
pbs.org,Domestic News,923
reason.com,Domestic News,920
miamiherald.com,Domestic News,915
wired.com,Domestic News,908
sfchronicle.com,Domestic News,884
motherjones.com,Domestic News,881
nature.com,Domestic News,869
startribune.com,Domestic News,856
alternet.org,Domestic News,844
newsday.com,Domestic News,840
axios.com,Domestic News,779
theblaze.com,Domestic News,766
qz.com,Domestic News,760
hollywoodreporter.com,Domestic News,743
theathletic.com,Domestic News,742
staradvertiser.com,Domestic News,740
people.com,Domestic News,730
opensecrets.org,Domestic News,727
propublica.org,Domestic News,711
observer.com,Domestic News,708
indystar.com,Domestic News,702
arstechnica.com,Domestic News,690
dailysignal.com,Domestic News,683
thrillist.com,Domestic News,681
cbslocal.com,Domestic News,657
livescience.com,Domestic News,628
deadline.com,Domestic News,619
jezebel.com,Domestic News,613
ew.com,Domestic News,593
freep.com,Domestic News,587
arkansasonline.com,Domestic News,582
courier-journal.com,Domestic News,574
theintercept.com,Domestic News,556
newyorker.com,Domestic News,530
eater.com,Domestic News,518
usnews.com,Domestic News,513
texastribune.org,Domestic News,512
hotair.com,Domestic News,512
dallasnews.com,Domestic News,508
sciencemag.org,Domestic News,495
mic.com,Domestic News,490
theroot.com,Domestic News,489
dailynews.com,Domestic News,485
etonline.com,Domestic News,484
refinery29.com,Domestic News,480
sciencedirect.com,Domestic News,468
washingtonexaminer.com,Domestic News,423
talkingpointsmemo.com,Domestic News,422
pressherald.com,Domestic News,420
chron.com,Domestic News,416
si.com,Domestic News,413
c-span.org,Domestic News,410
dailykos.com,Domestic News,409
gq.com,Domestic News,402
barrons.com,Domestic News,399
townhall.com,Domestic News,397
inquirer.com,Domestic News,397
chicagotribune.com,Domestic News,388
rollcall.com,Domestic News,379
desmoinesregister.com,Domestic News,377
grist.org,Domestic News,364
scientificamerican.com,Domestic News,363
nymag.com,Domestic News,351
nydailynews.com,Domestic News,348
ncronline.org,Domestic News,344
today.com,Domestic News,313
newsbusters.org,Domestic News,304
pagesix.com,Domestic News,297
defensenews.com,Domestic News,295
sandiegouniontribune.com,Domestic News,276
statnews.com,Domestic News,273
omaha.com,Domestic News,260
thenation.com,Domestic News,252
twincities.com,Domestic News,250
nejm.org,Domestic News,247
pe.com,Domestic News,240
kansascity.com,Domestic News,237
vulture.com,Domestic News,236
eastbaytimes.com,Domestic News,224
spectator.org,Domestic News,219
sun-sentinel.com,Domestic News,215
csmonitor.com,Domestic News,209
nyt.com,Domestic News,205
nyti.ms,Domestic News,204
foxbusiness.com,Domestic News,196
nationalgeographic.com,Domestic News,189
sacbee.com,Domestic News,188
washingtontimes.com,Domestic News,188
msnbc.com,Domestic News,187
ign.com,Domestic News,182
sltrib.com,Domestic News,181
nerdwallet.com,Domestic News,175
detroitnews.com,Domestic News,174
fortune.com,Domestic News,171
fastcompany.com,Domestic News,161
baltimoresun.com,Domestic News,160
thefederalist.com,Domestic News,160
tomdispatch.com,Domestic News,158
cbs.com,Domestic News,157
vogue.com,Domestic News,156
elle.com,Domestic News,152
cookpolitical.com,Domestic News,151
armytimes.com,Domestic News,151
suntimes.com,Domestic News,150
nbcnewyork.com,Domestic News,144
desertsun.com,Domestic News,140
oregonlive.com,Domestic News,140
cosmopolitan.com,Domestic News,134
khn.org,Domestic News,131
complex.com,Domestic News,131
deadspin.com,Domestic News,131
thecut.com,Domestic News,131
psychologytoday.com,Domestic News,129
newsobserver.com,Domestic News,128
tennessean.com,Domestic News,123
postandcourier.com,Domestic News,121
navytimes.com,Domestic News,118
masslive.com,Domestic News,114
newrepublic.com,Domestic News,111
northjersey.com,Domestic News,108
wbur.org,Domestic News,107
voanews.com,Domestic News,105
dispatch.com,Domestic News,103
eenews.net,Domestic News,102
technologyreview.com,Domestic News,102
delawareonline.com,Domestic News,101
dailywire.com,Domestic News,100
smithsonianmag.com,Domestic News,99
orlandosentinel.com,Domestic News,95
teenvogue.com,Domestic News,94
maxpreps.com,Domestic News,94
insidehighered.com,Domestic News,94
al.com,Domestic News,93
chronicle.com,Domestic News,93
courant.com,Domestic News,92
freebeacon.com,Domestic News,90
abc7ny.com,Domestic News,89
theundefeated.com,Domestic News,88
palmbeachpost.com,Domestic News,85
stltoday.com,Domestic News,85
statesman.com,Domestic News,83
abc7.com,Domestic News,83
sciencedaily.com,Domestic News,81
mcclatchydc.com,Domestic News,81
bostonherald.com,Domestic News,80
expressnews.com,Domestic News,79
entrepreneur.com,Domestic News,78
gothamist.com,Domestic News,78
charlotteobserver.com,Domestic News,77
healthaffairs.org,Domestic News,76
esquire.com,Domestic News,75
foreignaffairs.com,Domestic News,74
harpersbazaar.com,Domestic News,74
democratandchronicle.com,Domestic News,73
clarionledger.com,Domestic News,73
newspapers.com,Domestic News,71
jacksonville.com,Domestic News,71
madison.com,Domestic News,70
indiancountrytoday.com,Domestic News,70
edweek.org,Domestic News,70
app.com,Domestic News,69
reviewjournal.com,Domestic News,68
abc7news.com,Domestic News,68
sny.tv,Domestic News,68
deseret.com,Domestic News,67
avclub.com,Domestic News,67
eurekalert.org,Domestic News,66
star-telegram.com,Domestic News,66
theinformation.com,Domestic News,65
post-gazette.com,Domestic News,64
lawandcrime.com,Domestic News,64
tvline.com,Domestic News,64
courthousenews.com,Domestic News,63
nbcphiladelphia.com,Domestic News,63
pennlive.com,Domestic News,63
collider.com,Domestic News,62
heraldtribune.com,Domestic News,61
thebulwark.com,Domestic News,61
tucson.com,Domestic News,61
nbcbayarea.com,Domestic News,60
kqed.org,Domestic News,60
rgj.com,Domestic News,60
therealdeal.com,Domestic News,60
unionleader.com,Domestic News,60
huffingtonpost.com,Domestic News,60
pcmag.com,Domestic News,59
cjr.org,Domestic News,59
nola.com,Domestic News,59
straitstimes.com,Domestic News,58
goodmorningamerica.com,Domestic News,58
citylab.com,Domestic News,57
kentucky.com,Domestic News,56
wusa9.com,Domestic News,56
nationalinterest.org,Domestic News,56
sciencealert.com,Domestic News,56
elpasotimes.com,Domestic News,55
marieclaire.com,Domestic News,55
lohud.com,Domestic News,54
myflorida.com,Domestic News,54
adweek.com,Domestic News,54
thegrio.com,Domestic News,53
19thnews.org,Domestic News,51
theadvocate.com,Domestic News,51
patch.com,Domestic News,51
lacity.org,Domestic News,50
thewirecutter.com,Domestic News,50
thestate.com,Domestic News,50
6abc.com,Domestic News,50
vcstar.com,Domestic News,50
floridapolitics.com,Domestic News,49
baseballamerica.com,Domestic News,49
jacobinmag.com,Domestic News,49
providencejournal.com,Domestic News,49
fresnobee.com,Domestic News,49
govexec.com,Domestic News,49
thegazette.com,Domestic News,48
ny1.com,Domestic News,48
justthenews.com,Domestic News,48
sbsun.com,Domestic News,48
wsbtv.com,Domestic News,48
ydr.com,Domestic News,47
buffalonews.com,Domestic News,47
thecity.nyc,Domestic News,47
oklahoman.com,Domestic News,47
spokesman.com,Domestic News,47
catholicnewsagency.com,Domestic News,47
dailytarheel.com,Domestic News,46
wgbh.org,Domestic News,45
nbcboston.com,Domestic News,45
clickondetroit.com,Domestic News,45
marketplace.org,Domestic News,44
wibw.com,Domestic News,44
nbclosangeles.com,Domestic News,44
abc7chicago.com,Domestic News,43
abc.com,Domestic News,43
townandcountrymag.com,Domestic News,43
adn.com,Domestic News,42
heavy.com,Domestic News,42
chalkbeat.org,Domestic News,42
religionnews.com,Domestic News,42
spacenews.com,Domestic News,42
ktla.com,Domestic News,41
knoxnews.com,Domestic News,41
the-sun.com,Domestic News,41
tallahassee.com,Domestic News,41
savannahnow.com,Domestic News,41
nbcchicago.com,Domestic News,41
abc13.com,Domestic News,41
thediplomat.com,Domestic News,41
clutchpoints.com,Domestic News,41
washingtonian.com,Domestic News,40
thenevadaindependent.com,Domestic News,40
wtop.com,Domestic News,40
theadvertiser.com,Domestic News,40
justjared.com,Domestic News,40
theamericanconservative.com,Domestic News,39
coloradosun.com,Domestic News,38
hechingerreport.org,Domestic News,38
medicalnewstoday.com,Domestic News,38
fayobserver.com,Domestic News,37
christianpost.com,Domestic News,37
glamour.com,Domestic News,37
wral.com,Domestic News,37
floridatoday.com,Domestic News,36
thedrive.com,Domestic News,36
pilotonline.com,Domestic News,36
richmond.com,Domestic News,36
goodhousekeeping.com,Domestic News,36
kansas.com,Domestic News,36
mysanantonio.com,Domestic News,35
greenwald.substack.com,Domestic News,35
wdrb.com,Domestic News,35
wfla.com,Domestic News,35
whyy.org,Domestic News,35
click2houston.com,Domestic News,35
9news.com,Domestic News,35
venturebeat.com,Domestic News,35
foodandwine.com,Domestic News,34
democracydocket.com,Domestic News,34
slashfilm.com,Domestic News,34
wwd.com,Domestic News,34
cinemablend.com,Domestic News,34
metrotimes.com,Domestic News,34
fox29.com,Domestic News,33
washingtonmonthly.com,Domestic News,33
creators.com,Domestic News,33
southbendtribune.com,Domestic News,33
americamagazine.org,Domestic News,33
mcall.com,Domestic News,33
news-press.com,Domestic News,33
popsugar.com,Domestic News,33
idahostatesman.com,Domestic News,32
theappeal.org,Domestic News,32
komonews.com,Domestic News,32
amgreatness.com,Domestic News,31
architecturaldigest.com,Domestic News,31
nbc.com,Domestic News,31
azfamily.com,Domestic News,31
digitaltrends.com,Domestic News,31
federalnewsnetwork.com,Domestic News,31
syracuse.com,Domestic News,31
insideclimatenews.org,Domestic News,31
bet.com,Domestic News,31
defenseone.com,Domestic News,31
oprahmag.com,Domestic News,30
triblive.com,Domestic News,30
wmagazine.com,Domestic News,30
greentechmedia.com,Domestic News,30
psmag.com,Domestic News,30
postcrescent.com,Domestic News,30
wcvb.com,Domestic News,29
realgm.com,Domestic News,29
king5.com,Domestic News,29
rfa.org,Domestic News,29
wbtv.com,Domestic News,29
nbcdfw.com,Domestic News,29
abc11.com,Domestic News,29
laist.com,Domestic News,29
mprnews.org,Domestic News,29
texasmonthly.com,Domestic News,29
geekwire.com,Domestic News,29
melmagazine.com,Domestic News,29
clickorlando.com,Domestic News,29
redding.com,Domestic News,28
governing.com,Domestic News,28
billingsgazette.com,Domestic News,28
nbcwashington.com,Domestic News,28
iowapublicradio.org,Domestic News,28
wsmv.com,Domestic News,28
al-monitor.com,Domestic News,28
sportsbusinessdaily.com,Domestic News,27
spectator.us,Domestic News,27
naplesnews.com,Domestic News,27
timesunion.com,Domestic News,27
christianitytoday.com,Domestic News,27
phillyvoice.com,Domestic News,27
11alive.com,Domestic News,27
wlky.com,Domestic News,27
mynorthwest.com,Domestic News,27
allure.com,Domestic News,26
rappler.com,Domestic News,26
lasvegassun.com,Domestic News,26
cbsaustin.com,Domestic News,26
realclearinvestigations.com,Domestic News,26
kcci.com,Domestic News,26
thecrimson.com,Domestic News,26
statesmanjournal.com,Domestic News,25
timesfreepress.com,Domestic News,25
abcactionnews.com,Domestic News,25
wmur.com,Domestic News,25
tcpalm.com,Domestic News,25
kstp.com,Domestic News,25
foxsportsgo.com,Domestic News,25
beaconjournal.com,Domestic News,25
kxan.com,Domestic News,25
ktvu.com,Domestic News,25
theoutline.com,Domestic News,25
wunderground.com,Domestic News,25
greensboro.com,Domestic News,25
wto.org,Domestic News,25
cpr.org,Domestic News,25
newstatesman.com,Domestic News,24
intouchweekly.com,Domestic News,24
splinternews.com,Domestic News,24
outkick.com,Domestic News,24
travelandleisure.com,Domestic News,24
espnpressroom.com,Domestic News,24
trib.com,Domestic News,23
kgw.com,Domestic News,23
nbcmiami.com,Domestic News,23
katu.com,Domestic News,23
city-journal.org,Domestic News,23
nbc25news.com,Domestic News,23
nbc12.com,Domestic News,23
kdvr.com,Domestic News,23
news5cleveland.com,Domestic News,23
lansingstatejournal.com,Domestic News,23
thescore.com,Domestic News,22
wnyc.org,Domestic News,22
stanforddaily.com,Domestic News,22
abc15.com,Domestic News,22
wnycstudios.org,Domestic News,22
modbee.com,Domestic News,22
womenshealthmag.com,Domestic News,22
cyberscoop.com,Domestic News,22
tulsaworld.com,Domestic News,22
daytondailynews.com,Domestic News,21
njspotlight.com,Domestic News,21
local12.com,Domestic News,21
wsws.org,Domestic News,21
news12.com,Domestic News,21
khou.com,Domestic News,21
fox6now.com,Domestic News,21
dcist.com,Domestic News,21
footwearnews.com,Domestic News,21
actionnewsjax.com,Domestic News,21
wgntv.com,Domestic News,21
wsvn.com,Domestic News,20
nwfdailynews.com,Domestic News,20
cnsnews.com,Domestic News,20
thedispatch.com,Domestic News,20
wweek.com,Domestic News,20
popularmechanics.com,Domestic News,20
thegatewaypundit.com,Domestic News,20
caranddriver.com,Domestic News,20
rapidcityjournal.com,Domestic News,20
currentaffairs.org,Domestic News,19
wbez.org,Domestic News,19
kcrg.com,Domestic News,19
wave3.com,Domestic News,19
airforcemag.com,Domestic News,19
news4jax.com,Domestic News,19
kmov.com,Domestic News,19
instyle.com,Domestic News,19
inthesetimes.com,Domestic News,19
amny.com,Domestic News,19
autonews.com,Domestic News,19
wkyc.com,Domestic News,19
screendaily.com,Domestic News,19
kare11.com,Domestic News,19
theblast.com,Domestic News,19
wxyz.com,Domestic News,19
abc30.com,Domestic News,19
menshealth.com,Domestic News,19
koin.com,Domestic News,19
nbcmontana.com,Domestic News,18
medicalxpress.com,Domestic News,18
advocate.com,Domestic News,18
dezeen.com,Domestic News,18
minnpost.com,Domestic News,18
news-journalonline.com,Domestic News,18
pghcitypaper.com,Domestic News,18
wpr.org,Domestic News,18
alaskapublic.org,Domestic News,18
houstonpublicmedia.org,Domestic News,18
berkeleyside.com,Domestic News,18
fox5atlanta.com,Domestic News,18
nesn.com,Domestic News,18
wmtw.com,Domestic News,18
essence.com,Domestic News,18
thepostmillennial.com,Domestic News,18
kcra.com,Domestic News,18
local10.com,Domestic News,18
wlrn.org,Domestic News,18
www.gov.uk,Foreign Government,418
europa.eu,Foreign Government,416
service.gov.uk,Foreign Government,141
vatican.va,Foreign Government,116
ons.gov.uk,Foreign Government,106
www.nhs.uk,Foreign Government,80
parliament.uk,Foreign Government,75
canada.ca,Foreign Government,69
nhc.gov.cn,Foreign Government,49
health.gov.au,Foreign Government,46
fmprc.gov.cn,Foreign Government,42
nsw.gov.au,Foreign Government,40
aph.gov.au,Foreign Government,37
accc.gov.au,Foreign Government,29
info.gov.hk,Foreign Government,26
legislation.gov.uk,Foreign Government,25
pm.gov.au,Foreign Government,25
health.govt.nz,Foreign Government,25
hubei.gov.cn,Foreign Government,22
theweek.com,Foreign News,1572
bbc.com,Foreign News,1326
scmp.com,Foreign News,1108
bbc.co.uk,Foreign News,961
ft.com,Foreign News,715
politico.eu,Foreign News,649
dailymail.co.uk,Foreign News,624
independent.co.uk,Foreign News,390
abc.net.au,Foreign News,360
telegraph.co.uk,Foreign News,319
aljazeera.com,Foreign News,293
thelancet.com,Foreign News,291
businessinsider.in,Foreign News,248
cbc.ca,Foreign News,236
huffingtonpost.co.uk,Foreign News,233
dw.com,Foreign News,199
thesun.co.uk,Foreign News,199
timesofisrael.com,Foreign News,192
huffingtonpost.ca,Foreign News,192
thetimes.co.uk,Foreign News,189
france24.com,Foreign News,171
economist.com,Foreign News,164
sky.com,Foreign News,141
bmj.com,Foreign News,140
smh.com.au,Foreign News,136
indiatimes.com,Foreign News,126
globaltimes.cn,Foreign News,125
mirror.co.uk,Foreign News,124
sportsnet.ca,Foreign News,122
metro.co.uk,Foreign News,114
skysports.com,Foreign News,108
express.co.uk,Foreign News,103
jpost.com,Foreign News,99
tsn.ca,Foreign News,94
huffingtonpost.com.au,Foreign News,84
nikkei.com,Foreign News,84
standard.co.uk,Foreign NEws,80
japantimes.co.jp,Foreign News,74
theglobeandmail.com,Foreign News,74
euronews.com,Foreign News,72
globalnews.ca,Foreign News,71
nzherald.co.nz,Foreign News,70
cgtn.com,Foreign News,68
ctvnews.ca,Foreign News,65
manchestereveningnews.co.uk,Foreign News,62
haaretz.com,Foreign News,60
thejakartapost.com,Foreign News,59
irishtimes.com,Foreign News,58
chinadaily.com.cn,Foreign News,57
yna.co.kr,Foreign News,55
nme.com,Foreign News,53
as.com,Foreign News,53
rferl.org,Foreign News,52
themoscowtimes.com,Foreign NEws,51
rthk.hk,Foreign News,49
wired.co.uk,Foreign News,47
afr.com,Foreign News,47
thestar.com,Foreign News,47
elpais.com,Foreign News,46
vogue.co.uk,Foreign News,45
indianexpress.com,Foreign News,45
radiotimes.com,Foreign News,44
aa.com.tr,Foreign News,43
spiegel.de,Foreign News,43
yougov.co.uk,Foreign News,41
sbs.com.au,Foreign News,41
koreaherald.com,Foreign News,40
newscientist.com,Foreign News,40
espn.co.uk,Foreign News,40
project-syndicate.org,Foreign News,40
gq-magazine.co.uk,Foreign News,40
bangordailynews.com,Foreign News,39
hongkongfp.com,Foreign News,38
inews.co.uk,Foreign News,37
news.com.au,Foreign News,37
tass.com,Foreign News,36
businessinsider.com.au,Foreign News,36
hindustantimes.com,Foreign News,35
rnz.co.nz,Foreign News,35
afp.com,Foreign News,33
rt.com,Foreign News,33
lemonde.fr,Foreign News,33
livemint.com,Foreign News,32
repubblica.it,Foreign News,32
channel4.com,Foreign News,31
focustaiwan.tw,Foreign News,31
elsevier.com,Foreign News,31
globo.com,Foreign News,30
thehindu.com,Foreign News,30
nationalpost.com,Foreign News,28
theaustralian.com.au,Foreign News,28
carbonbrief.org,Foreign News,26
bloombergquint.com,Foreign News,26
digitalspy.com,Foreign News,26
bfmtv.com,Foreign News,26
lefigaro.fr,Foreign News,24
nhk.or.jp,Foreign News,23
cbr.com,Foreign News,23
nhpr.org,Foreign News,23
dailymaverick.co.za,Foreign News,23
theprint.in,Foreign News,23
people.cn,Foreign News,23
dazeddigital.com,Foreign News,22
scotsman.com,Foreign News,21
middleeasteye.net,Foreign News,21
spectator.co.uk,Foreign News,21
leparisien.fr,Foreign News,21
okmagazine.com,Foreign News,20
indiatoday.in,Foreign News,20
thenational.ae,Foreign News,20
rfi.fr,Foreign News,20
7news.com.au,Foreign News,20
ndtv.com,Foreign News,20
hellomagazine.com,Foreign News,20
channelnewsasia.com,Foreign News,20
alarabiya.net,Foreign News,19
arabnews.com,Foreign News,19
bild.de,Foreign News,19
business-standard.com,Foreign News,19
zerohedge.com,Foreign News,18
bangkokpost.com,Foreign News,18
rte.ie,Foreign News,18
thehockeynews.com,Foreign News,18
cdc.gov,Government,3239
nih.gov,Government,1796
senate.gov,Government,1228
house.gov,Government,1048
ca.gov,Government,1034
whitehouse.gov,Government,1015
justice.gov,Government,644
supremecourt.gov,Government,533
nasa.gov,Government,521
irs.gov,Government,508
congress.gov,Government,489
bls.gov,Government,486
fec.gov,Government,428
fda.gov,Government,423
census.gov,Government,423
ny.gov,Government,349
sec.gov,Government,306
state.gov,Government,303
nps.gov,Government,301
usda.gov,Government,281
hhs.gov,Government,265
uscourts.gov,Government,265
wa.gov,Government,255
un.org,Government,246
epa.gov,Government,237
archives.gov,Government,233
nyc.gov,Government,228
federalreserve.gov,Government,214
treasury.gov,Government,207
noaa.gov,Government,204
defense.gov,Government,199
dol.gov,Government,196
weather.gov,Government,195
ed.gov,Government,179
michigan.gov,Government,179
lacounty.gov,Government,151
nj.gov,Government,146
speaker.gov,Government,145
eia.gov,Government,145
fbi.gov,Government,142
mass.gov,Government,139
fcc.gov,Government,134
fema.gov,Government,128
dhs.gov,Government,125
bea.gov,Government,124
pa.gov,Government,114
loc.gov,Government,114
texas.gov,Government,113
federalregister.gov,Government,112
hawaii.gov,Government,103
state.mn.us,Government,103
gao.gov,Government,101
colorado.gov,Government,99
sba.gov,Government,96
navy.mil,Government,94
cms.gov,Government,92
wisconsin.gov,Government,91
maine.gov,Government,91
nwcg.gov,Government,88
ct.gov,Government,87
cbo.gov,Government,87
ohio.gov,Government,85
cbp.gov,Government,84
cisa.gov,Government,83
army.mil,Government,82
ftc.gov,Government,80
in.gov,Government,78
georgia.gov,Government,78
fws.gov,Government,77
va.gov,Government,74
ssa.gov,Government,74
sd.gov,Government,73
govinfo.gov,Government,72
usgs.gov,Government,72
wi.gov,Government,69
eac.gov,Government,67
ice.gov,Government,67
illinois.gov,Government,65
clinicaltrials.gov,Government,64
osha.gov,Government,64
mo.gov,Government,60
mn.gov,Government,59
dni.gov,Government,58
ustr.gov,Government,57
uspsoig.gov,Government,56
nhtsa.gov,Government,55
consumerfinance.gov,Government,53
state.nj.us,Government,52
usaspending.gov,Government,52
virginia.gov,Government,51
dc.gov,Government,49
energy.gov,Government,49
doleta.gov,Government,49
azdhs.gov,Government,49
af.mil,Government,48
state.ma.us,Government,45
tsa.gov,Government,45
utah.gov,Government,45
portlandoregon.gov,Government,44
iowa.gov,Government,44
uscis.gov,Government,43
usembassy.gov,Government,43
medicare.gov,Government,39
phila.gov,Government,38
state.tx.us,Government,38
nd.gov,Government,38
tn.gov,Government,38
maryland.gov,Government,38
ky.gov,Government,36
ga.gov,Government,36
regulations.gov,Government,36
doi.gov,Government,35
alaska.gov,Government,35
healthcare.gov,Government,35
usa.gov,Government,35
medlineplus.gov,Government,34
boston.gov,Government,33
seattle.gov,Government,32
vermont.gov,Government,32
azgovernor.gov,Government,32
ok.gov,Government,31
ms.gov,Government,31
louisiana.gov,Government,31
phe.gov,Government,31
blm.gov,Government,30
transportation.gov,Government,29
wicourts.gov,Government,29
la.gov,Government,29
uspto.gov,Government,29
bop.gov,Government,28
nysenate.gov,Government,28
sccgov.org,Government,28
bpdnews.com,Government,28
ncsbe.gov,Government,27
commerce.gov,Government,27
osc.gov,Government,27
ks.gov,Government,27
hud.gov,Government,26
scdhec.gov,Government,26
hrsa.gov,Government,26
nh.gov,Government,26
nist.gov,Government,26
mt.gov,Government,25
ohiosos.gov,Government,25
miramarfl.gov,Government,24
dot.gov,Government,24
wv.gov,Government,24
azleg.gov,Government,24
idaho.gov,Government,24
navajo-nsn.gov,Government,23
us-cert.gov,Government,23
wyo.gov,Government,23
bjs.gov,Government,23
ri.gov,Government,23
baaqmd.gov,Government,22
delaware.gov,Government,22
eeoc.gov,Government,22
oregon.gov,Government,22
alabama.gov,Government,22
samhsa.gov,Government,21
faa.gov,Government,21
nvsos.gov,Government,20
nv.gov,Government,20
cia.gov,Government,20
chicago.gov,Government,20
texasattorneygeneral.gov,Government,20
ojp.gov,Government,20
medicaid.gov,Government,19
atf.gov,Government,19
nc.gov,Government,19
sf.gov,Government,18
studentaid.gov,Government,18
state.mi.us,Government,18
state.co.us,Government,18
nifc.gov,Government,18
c212.net,Other,18027
amazon.com,OTher,14065
globenewswire.com,Other,6009
billboard.com,Other,4036
businesswire.com,Other,3891
amzn.to,Other,2759
fansided.com,Other,2540
baseball-reference.com,OTher,2004
basketball-reference.com,Other,1939
wikipedia.org,Other,1933
anrdoezrs.net,Other,1846
apple.com,Other,1720
fave.co,Other,1599
pro-football-reference.com,Other,1564
outlook.com,Other,1474
doi.org,Other,1387
polygon.com,Other,1247
skimresources.com,Other,1204
crunchbase.com,Other,1177
jhu.edu,Other,1028
who.int,Other,1021
pewresearch.org,Other,952
imdb.com,Other,924
redirectingat.com,Other,879
hockey-reference.com,Other,878
linksynergy.com,Other,874
sports-reference.com,Other,840
spotify.com,Other,803
shop-links.co,Other,758
awin1.com,Other,748
documentcloud.org,Other,747
shareasale.com,Other,714
target.com,Other,709
theringer.com,Other,708
aol.com,Other,648
nba.com,Other,577
netflix.com,Other,543
commondreams.org,Other,533
realtor.com,Other,520
mlb.com,Other,514
legacy.com,Other,487
arcgis.com,Other,481
gallup.com,Other,468
electproject.github.io,Other,459
mediamatters.org,Other,434
politifact.com,Other,424
slack-redir.net,Other,423
harvard.edu,Other,419
7tiv.net,OTher,418
usps.com,Other,414
nfl.com,Other,408
brookings.edu,Other,406
wiley.com,Other,405
jamanetwork.com,Other,404
spotrac.com,Other,393
cornell.edu,Other,391
factcheck.org,Other,380
joebiden.com,Other,380
walmart.com,Other,380
sjv.io,Other,362
msn.com,Other,355
gettyimages.com,Other,344
archive.org,Other,344
urldefense.com,Other,342
nhl.com,Other,338
gofundme.com,Other,331
bookshop.org,Other,326
microsoft.com,Other,321
kff.org,Other,311
covidtracking.com,Other,310
statista.com,Other,301
medrxiv.org,Other,296
forms.gle,Other,288
history.com,Other,288
oup.com,Other,287
ssrn.com,Other,279
mlbtraderumors.com,Other,277
heritage.org,Other,276
tandfonline.com,Other,275
space.com,Other,273
journals.sagepub.com,Other,271
jstor.org,Other,258
demconvention.com,Other,251
stitcher.com,Other,251
bandcamp.com,Other,248
worldometers.info,Other,247
brennancenter.org,Other,245
pri.org,Other,240
britannica.com,Other,237
gamespot.com,Other,237
stanford.edu,Other,236
thepointsguy.com,Other,224
ballotpedia.org,Other,224
ncsl.org,Other,222
hbr.org,Other,222
proofpoint.com,Other,212
foreignpolicy.com,Other,209
creativecommons.org,Other,208
fangraphs.com,Other,207
acast.com,Other,206
amazonaws.com,Other,201
apa.org,Other,198
fool.com,Other,196
justia.com,Other,194
cleaningtheglass.com,Other,192
weforum.org,Other,191
fandom.com,Other,190
researchgate.net,Other,186
yale.edu,Other,183
hrw.org,Other,181
intuit.com,OTher,178
shutterstock.com,Other,178
change.org,Other,177
americanprogress.org,Other,177
draftkings.com,Other,171
nber.org,Other,170
pnas.org,Other,165
courtlistener.com,Other,164
springer.com,Other,163
mayoclinic.org,Other,157
scotusblog.com,Other,156
aclu.org,Other,156
rs6.net,Other,155
fubo.tv,Other,154
morningconsult.com,Other,153
monmouth.edu,Other,153
worldbank.org,Other,152
healthline.com,Other,150
snopes.com,Other,149
goal.com,Other,149
prf.hn,Other,148
rev.com,Other,146
fas.org,Other,144
vox-cdn.com,Other,143
stlouisfed.org,Other,143
metacritic.com,Other,143
epi.org,Other,142
doubleclick.net,Other,140
mckinsey.com,Other,140
mediaite.com,Other,138
cambridge.org,Other,136
hulu.com,Other,134
mit.edu,Other,132
pff.com,Other,131
goodreads.com,Other,130
bn5x.net,Other,128
penguinrandomhouse.com,Other,127
airbnb.com,Other,127
audible.com,Other,126
github.com,Other,125
berkeley.edu,Other,125
uchicago.edu,Other,124
columbia.edu,Other,122
cbpp.org,Other,122
etsy.com,Other,120
plos.org,Other,120
bhphotovideo.com,Other,119
xinhuanet.com,Other,117
libsyn.com,Other,117
aboutamazon.com,Other,116
investopedia.com,Other,115
unc.edu,Other,115
biorxiv.org,OTher,114
rutgers.edu,Other,113
yougov.com,Other,113
eventbrite.com,Other,108
arxiv.org,Other,108
footballoutsiders.com,Other,107
zoom.us,Other,107
umich.edu,Other,107
tesla.com,Other,106
blog.google,Other,104
lnk.to,Other,103
oyez.org,Other,103
upenn.edu,Other,101
bestbuy.com,Other,101
apimages.com,Other,100
qu.edu,Other,99
amazon.co.uk,Other,99
bloomberglaw.com,Other,98
archive.is,Other,98
mimecast.com,Other,98
splcenter.org,Other,96
inc.com,Other,96
umn.edu,Other,96
cell.com,Other,95
donaldjtrump.com,Other,94
poynter.org,Other,93
ipsos.com,Other,93
nd.edu,Other,92
static1.squarespace.com,Other,92
princeton.edu,Other,91
urban.org,Other,91
macrumors.com,Other,90
nyu.edu,Other,89
taxfoundation.org,Other,89
taxpolicycenter.org,Other,89
pewsocialtrends.org,Other,88
cfr.org,Other,86
accuweather.com,Other,86
ucla.edu,Other,86
psu.edu,Other,86
independentmediainstitute.org,Other,86
military.com,Other,85
ufl.edu,Other,85
imf.org,Other,85
calmatters.org,Other,85
wikimedia.org,Other,84
playstation.com,Other,83
frontiersin.org,Other,83
themarshallproject.org,Other,83
cpj.org,Other,83
gopjn.com,Other,82
viglink.com,Other,82
ox.ac.uk,Other,82
tvguide.com,Other,82
healthdata.org,Other,82
asu.edu,Other,82
adl.org,Other,81
ama-assn.org,Other,81
webmd.com,Other,81
imperial.ac.uk,Other,80
dirt.com,Other,80
cato.org,Other,80
newyorkfed.org,Other,80
kotaku.com,Other,80
lawfareblog.com,Other,79
aei.org,Other,79
overthecap.com,Other,78
si.edu,Other,77
rottentomatoes.com,Other,77
aarp.org,Other,77
wayfair.com,Other,76
factba.se,Other,76
ourworldindata.org,Other,75
screenrant.com,Other,75
samsung.com,Other,74
art19.com,Other,74
constitutioncenter.org,Other,73
vote.org,Other,73
prospect.org,Other,73
uber.com,Other,73
protocol.com,Other,72
pntrs.com,Other,71
ku.edu,Other,71
splashthat.com,Other,71
ucsb.edu,Other,71
pntra.com,Other,70
brown.edu,Other,69
rasmussenreports.com,Other,69
mailchi.mp,Other,69
oecd.org,Other,68
9to5mac.com,Other,68
dropbox.com,Other,68
www.iheart.com,Other,68
migrationpolicy.org,Other,68
curbed.com,Other,67
giphy.com,Other,66
bravotv.com,Other,66
constantcontact.com,Other,66
aap.org,Other,65
georgetown.edu,Other,65
biomedcentral.com,Other,64
iop.org,Other,64
epicgames.com,Other,64
knowyourmeme.com,Other,63
zillow.com,Other,63
publicintegrity.org,Other,62
hbomax.com,Other,62
nascar.com,Other,62
acs.org,Other,62
wwe.com,Other,62
citizensforethics.org,Other,62
q4cdn.com,Other,61
merriam-webster.com,Other,61
adobe.com,Other,60
gartner.com,Other,60
govtrack.us,Other,59
tufts.edu,Other,59
qualtrics.com,Other,58
kickstarter.com,Other,58
unicef.org,Other,58
deloitte.com,Other,58
nvidia.com,Other,58
pjtra.com,Other,56
utexas.edu,Other,56
270towin.com,Other,56
pewtrusts.org,Other,56
rightwingwatch.org,Other,55
rivals.com,Other,55
eliteprospects.com,Other,55
amnesty.org,Other,55
sephora.com,Other,54
salesforce.com,Other,54
emarketer.com,Other,54
ulta.com,Other,54
seekingalpha.com,Other,54
newamerica.org,Other,54
uschamber.com,Other,54
genius.com,Other,54
gilead.com,OTher,54
www.radio.com,Other,54
overcast.fm,Other,53
homedepot.com,Other,53
lyft.com,Other,53
emory.edu,Other,52
itv.com,OTher,52
prisonpolicy.org,Other,52
clevelandclinic.org,OTher,52
iata.org,Other,52
casetext.com,Other,51
bu.edu,OTher,51
aappublications.org,Other,51
shrm.org,Other,51
fanatics.com,Other,51
syr.edu,Other,51
ucsf.edu,Other,51
findlaw.com,OTher,50
marquette.edu,Other,50
usccb.org,Other,50
electionlawblog.org,Other,50
esa.int,Other,50
eff.org,Other,50
food52.com,Other,50
royalsocietypublishing.org,Other,50
ea.com,Other,50
theladders.com,Other,49
gatesfoundation.org,Other,49
disneyplus.com,Other,49
tableau.com,Other,49
unhcr.org,Other,49
csis.org,OTher,49
centerforhealthsecurity.org,Other,49
democrats.org,Other,49
comicbook.com,Other,49
pxf.io,Other,49
theahl.com,Other,49
phys.org,Other,48
weather.com,Other,48
advertisinganalyticsllc.com,OTher,48
crfb.org,Other,48
morningstar.com,Other,48
mlssoccer.com,Other,48
spglobal.com,Other,48
centerforpolitics.org,Other,48
hopkinsmedicine.org,Other,47
targetsmart.com,Other,47
chrissyteigen.medium.com,Other,47
steampowered.com,Other,47
nap.edu,Other,47
capfriendly.com,Other,46
reportablenews.com,Other,46
anchor.fm,Other,46
gwu.edu,Other,46
atlanticcouncil.org,Other,46
thinkprogress.org,Other,46
rand.org,Other,46
mmafighting.com,Other,46
pwc.com,Other,46
biography.com,Other,45
piie.com,Other,45
nasdaq.com,Other,45
electrek.co,Other,45
usc.edu,Other,44
guttmacher.org,Other,44
glassdoor.com,Other,44
cancer.org,Other,44
chiefs.com,Other,44
macmillan.com,Other,43
moveon.org,Other,43
nordstrom.com,Other,43
ncaa.com,Other,43
sendgrid.net,Other,43
regeneron.com,Other,43
harpercollins.com,Other,43
ohchr.org,Other,43
pfizer.com,Other,43
biblegateway.com,Other,43
law.com,Other,43
lifehacker.com,Other,42
justsecurity.org,Other,42
kqzyfj.com,Other,42
pgatour.com,Other,42
nike.com,Other,42
rushlimbaugh.com,Other,42
consumerreports.org,OTher,41
fao.org,Other,41
thebalance.com,Other,41
pewforum.org,Other,41
simonandschuster.com,Other,41
ibm.com,Other,41
bcg.com,Other,41
actblue.com,Other,41
xbox.com,Other,41
att.com,Other,41
dpbolvw.net,Other,41
milestaylor.medium.com,Other,41
bipartisanpolicy.org,Other,40
peteforamerica.com,Other,40
modernatx.com,Other,40
cei.org,Other,40
lww.com,Other,40
amd.com,Other,40
adage.com,Other,40
celebritynetworth.com,Other,40
duke.edu,Other,39
judicialwatch.org,Other,39
hrc.org,Other,39
coindesk.com,Other,39
ipcc.ch,Other,39
millercenter.org,Other,39
ffm.to,Other,39
boxofficemojo.com,Other,39
msu.edu,Other,39
caiso.com,Other,38
washington.edu,Other,38
baseballprospectus.com,Other,38
intel.com,Other,38
lilly.com,Other,38
omny.fm,Other,38
thecaucuses.org,Other,38
ucsd.edu,Other,38
heart.org,Other,37
law360.com,Other,37
hbs.edu,OTher,37
sentencingproject.org,Other,37
compass.com,Other,37
nielsen.com,Other,37
mdpi.com,Other,37
people-press.org,Other,37
tankathon.com,Other,37
smarturl.it,Other,37
starbucks.com,Other,37
journalofhospitalmedicine.com,Other,36
unesco.org,Other,36
northwestern.edu,Other,36
mentalfloss.com,Other,36
oracle.com,Other,36
barnesandnoble.com,Other,36
filesusr.com,Other,36
feedingamerica.org,Other,36
americanbar.org,Other,36
delta.com,Other,36
mtv.com,Other,36
usafacts.org,Other,35
united.com,Other,35
t-mobile.com,Other,35
womenshistory.org,Other,35
trust.org,Other,35
iea.org,Other,35
insideelections.com,Other,35
opb.org,Other,35
nybooks.com,Other,35
emergencyphysicians.org,Other,35
ucpress.edu,Other,35
gutenberg.org,Other,35
wisc.edu,Other,35
appleinsider.com,Other,35
cepr.net,Other,35
eurogamer.net,Other,34
hbo.com,Other,34
bankrate.com,Other,34
journalism.org,Other,34
ufc.com,Other,34
nssf.org,Other,34
disneyparks.disney.go.com,Other,34
ted.com,Other,34
nami.org,Other,33
argusleader.com,Other,33
academia.edu,Other,33
covidexitstrategy.org,Other,33
nwlc.org,Other,33
marist.edu,Other,33
umd.edu,Other,33
purdue.edu,Other,33
patreon.com,Other,33
betonline.ag,Other,32
govdelivery.com,Other,32
nintendo.com,Other,32
costco.com,Other,32
bychari.com,Other,32
cis.org,Other,32
verizon.com,Other,32
9to5google.com,Other,32
campaignlegal.org,Other,32
whenweallvote.org,Other,32
aha.org,Other,32
redfin.com,Other,32
androidpolice.com,Other,31
colorado.edu,Other,31
mobilize.us,Other,31
cbinsights.com,Other,31
actionnetwork.com,Other,31
mikebloomberg.com,Other,31
webuildthewall.us,Other,31
nelp.org,Other,31
breakingdefense.com,Other,31
goldderby.com,Other,31
commonwealthfund.org,Other,30
box.com,Other,30
jhsph.edu,OTher,30
ncaa.org,Other,30
ucsusa.org,Other,30
asm.org,Other,30
sierraclub.org,Other,30
playbill.com,Other,30
lse.ac.uk,Other,30
yelp.com,Other,30
nrdc.org,Other,30
reliefweb.int,Other,30
urbandictionary.com,Other,30
medscape.com,Other,29
chromium.org,OTher,29
pcgamer.com,Other,29
acphd.org,Other,29
ticketmaster.com,Other,29
netdna-ssl.com,Other,29
wmo.int,Other,29
markiteconomics.com,Other,29
grammy.com,Other,29
ups.com,Other,29
xfl.com,Other,29
joinsubtext.com,Other,29
semanticscholar.org,Other,29
osu.edu,Other,28
delish.com,OTher,28
naacp.org,Other,28
ieee.org,Other,28
globalcitizen.org,Other,28
decider.com,Other,28
ahla.com,Other,28
theplayerstribune.com,Other,28
opentable.com,Other,28
surveymonkey.com,Other,28
lincolnproject.us,Other,28
langerresearch.com,Other,28
prri.org,Other,28
rwjf.org,Other,28
usni.org,Other,28
ucl.ac.uk,Other,28
restaurantbusinessonline.com,Other,28
suffolk.edu,Other,28
lavote.net,Other,28
girlscouts.org,Other,27
nrf.com,Other,27
electproject.org,Other,27
wfp.org,Other,27
democracynow.org,Other,27
nar.realtor,Other,27
huawei.com,Other,27
plannedparenthood.org,Other,27
illinois.edu,Other,27
unrealengine.com,Other,27
collegeboard.org,Other,27
robinhood.com,Other,27
marriott.com,Other,27
shadowinc.io,Other,27
iastate.edu,Other,27
streetsblog.org,Other,27
schmidtocean.org,OTher,27
newconsumer.com,Other,27
nass.org,Other,27
suicidepreventionlifeline.org,Other,27
empireonline.com,Other,27
headspace.com,Other,27
annualreviews.org,Other,27
wallethub.com,Other,26
wsu.edu,Other,26
ahajournals.org,Other,26
royalcaribbean.com,Other,26
uci.edu,Other,26
indiegogo.com,Other,26
idc.com,Other,26
freedomhouse.org,Other,26
apmresearchlab.org,OTher,26
insightcrime.org,Other,26
nobelprize.org,Other,26
naccho.org,Other,26
ebay.com,Other,26
mediaroom.com,Other,26
umass.edu,Other,26
safariclub.org,Other,25
cheatsheet.com,Other,25
apnorc.org,Other,25
dukeupress.edu,Other,25
onezero.medium.com,Other,25
oscars.org,Other,25
showbuzzdaily.com,Other,25
bigten.org,Other,25
liebertpub.com,Other,25
shopdisney.com,Other,25
americanexpress.com,Other,25
syfy.com,Other,25
acpjournals.org,Other,25
colostate.edu,Other,25
inequality.org,Other,25
heinonline.org,Other,25
thoughtco.com,Other,25
ford.com,Other,25
defendingdemocracytogether.org,Other,25
nationalnursesunited.org,Other,25
usvotefoundation.org,Other,25
sleepfoundation.org,Other,25
nga.org,Other,25
worldwildlife.org,Other,25
unenvironment.org,Other,24
legistar.com,Other,24
ahip.org,Other,24
edsource.org,Other,24
adidas.com,Other,24
ubisoft.com,Other,24
globalepidemics.org,Other,24
avaaz.org,Other,24
acog.org,Other,24
ips-dc.org,Other,24
sensortower.com,Other,24
gatesnotes.com,Other,24
aier.org,Other,24
nlihc.org,Other,24
iucnredlist.org,Other,24
pen.org,Other,24
jcpenney.com,Other,24
macys.com,Other,24
dartmouth.edu,Other,24
mountsinai.org,Other,24
filesforprogress.org,Other,24
quora.com,Other,24
cisco.com,Other,24
cuny.edu,Other,24
tradingeconomics.com,Other,24
gavi.org,Other,23
ilo.org,Other,23
popsci.com,Other,23
comparisun.com,Other,23
biologicaldiversity.org,Other,23
oculus.com,Other,23
atlasobscura.com,Other,23
opendemocracy.net,Other,23
guinnessworldrecords.com,Other,23
icanw.org,Other,23
fitbit.com,Other,23
nationalpartnership.org,Other,23
audubon.org,Other,23
ppic.org,Other,23
citizen.org,Other,23
naacpldf.org,Other,23
bain.com,Other,23
poetryfoundation.org,Other,22
dcfandome.com,Other,22
abajournal.com,Other,22
mcdonalds.com,Other,22
taskandpurpose.com,Other,22
aamc.org,Other,22
itep.org,Other,22
wesleyan.edu,Other,22
poll.fm,Other,22
bundesliga.com,Other,22
atlantafalcons.com,Other,22
sebotero.github.io,Other,22
peta.org,Other,22
barstoolsports.com,Other,22
roku.com,Other,22
digiday.com,Other,22
nypl.org,Other,22
lithub.com,Other,22
mercatus.org,Other,22
rogerebert.com,Other,22
americanactionforum.org,Other,22
aaa.com,Other,21
businessoffashion.com,Other,21
wustl.edu,Other,21
marvel.com,Other,21
seahawks.com,Other,21
crooked.com,Other,21
tamu.edu,Other,21
emersonpolling.com,Other,21
doordash.com,Other,21
archive.vn,Other,21
nextdoor.com,Other,21
withgoogle.com,Other,21
thebulletin.org,Other,21
pulitzercenter.org,Other,21
uttyler.edu,Other,21
aps.org,Other,21
glaad.org,Other,21
shudder.com,Other,21
astrazeneca.com,Other,21
bbb.org,Other,21
lwv.org,Other,21
siriusxm.com,Other,21
mozilla.org,Other,20
disney.com,Other,20
aspeninstitute.org,Other,20
golfchannel.com,Other,20
ballottrax.net,Other,20
aeaweb.org,Other,20
d3n8a8pro7vhmx.cloudfront.net,Other,20
encyclopedia.com,Other,20
campusreform.org,Other,20
greenpeace.org,Other,20
modernhealthcare.com,Other,20
grubstreet.com,Other,20
manhattan-institute.org,Other,20
ametsoc.org,Other,20
twimg.com,Other,20
dictionary.com,Other,20
pge.com,Other,20
ncsu.edu,Other,20
chase.com,Other,20
gamesradar.com,Other,20
inverse.com,Other,20
gcs-web.com,Other,20
crisistextline.org,Other,20
chipotle.com,Other,20
arizona.edu,Other,20
issuu.com,Other,20
vanderbilt.edu,Other,19
bc.edu,Other,19
exxonmobil.com,Other,19
2020gopconvention.com,Other,19
thenextweb.com,Other,19
dataforprogress.org,Other,19
jamesbeard.org,Other,19
goop.com,Other,19
massgeneral.org,Other,19
latinodecisions.com,Other,19
net-a-porter.com,Other,19
globaldownsyndrome.org,Other,19
restaurant.org,Other,19
publishersweekly.com,Other,19
lung.org,Other,19
conference-board.org,Other,19
dunkindonuts.com,Other,19
lowes.com,Other,19
worldpopulationreview.com,Other,19
unh.edu,Other,19
gamesindustry.biz,Other,19
cam.ac.uk,Other,19
plannedparenthoodaction.org,Other,19
nintendo.co.jp,Other,19
undp.org,Other,19
abc.xyz,Other,19
artnet.com,Other,19
kohls.com,Other,19
routledge.com,Other,19
nokidhungry.org,Other,18
starwars.com,Other,18
psyarxiv.com,Other,18
sophos.com,Other,18
firstthings.com,Other,18
rockthevote.org,Other,18
acleddata.com,Other,18
blacklivesmatter.com,Other,18
profootballhof.com,Other,18
bridgemi.com,Other,18
case.edu,Other,18
consequenceofsound.net,Other,18
aphapublications.org,Other,18
giffords.org,OTher,18
texas-election.com,Other,18
moodysanalytics.com,Other,18
fullfact.org,Other,18
health.com,Other,18
masks4all.co,Other,18
sho.com,Other,18
twitter.com,Platform,38858
youtube.com,Platform,10870
instagram.com,Platform,6652
facebook.com,Platform,6195
bit.ly,Platform,1680
t.co,Platform,1263
youtu.be,Platform,1166
linkedin.com,Platform,725
tiktok.com,Platform,658
reddit.com,Platform,615
medium.com,Platform,592
twitch.tv,Platform,254
fb.com,Platform,192
scribd.com,Platform,167
soundcloud.com,Platform,133
vimeo.com,Platform,126
flickr.com,Platform,99
tinyurl.com,Platform,72
weibo.com,Platform,61
pinterest.com,Platform,51
qq.com,Platform,27
imgur.com,Platform,24
whatsapp.com,Platform,22
linktr.ee,Platform,18
yahoo.com,Search Engine,2399
google.com,Search Engine,2245
goo.gl,Search Engine,29
uol.com.br,Search Engine,23
bing.com,Search Engine,21
google.co.uk,Search Engine,19
rttnews.com,,4715
kindest.com,Other,3292
parade.com,Domestic News,2737
monstersandcritics.com,Domestic News,2325
intheknow.com,Domestic News,1992
politicopro.com,Other,1763
opednews.com,Domestic News,1291
reviewed.com,,1240
industryresearch.biz,Other,1222
rugbypass.com,Foreign News,1180
zdcs.link,,1137
researchandmarkets.com,Other,1046
trefis.com,Other,1011
sportsline.com,Other,1003
dealnews.com,,987
sportscasting.com,,884
theexpresswire.com,,725
politicalwire.com,Domestic News,709
sportsnaut.com,,639
eurweb.com,,573
newsmax.com,Domestic News,554
automatedinsights.com,,463
premiersports.com,,417
app.link,,406
theinventory.com,,399
thehockeywriters.com,,388
industryresearch.co,Other,380
georiot.com,,370
zacks.com,,353
football-italia.net,,344
radaronline.com,Domestic News,343
brcclx.com,,343
larrybrownsports.com,,340
marca.com,Foreign News,324
xvtelink.com,,313
football-espana.net,Foreign News,304
premiersports.tv,,292
swimswam.com,Domestic News,276
transparencymarketresearch.com,Other,271
yardbarker.com,Domestic News,267
marketsandmarkets.com,Other,266
rotoworld.com,,261
popmatters.com,,261
newsmaxtv.com,,256
guim.co.uk,,256
smokeroom.com,,230
chowhound.com,,229
espnfc.com,Foreign News,228
novacapsfans.com,,214
bayareane.ws,,207
arstechnica.net,,196
cfl.ca,,196
wfmj.com,,190
profootballrumors.com,,187
techrepublic.com,,183
ncregister.com,,173
bloombergbusiness.com,Domestic News,172
empiresportsmedia.com,,167
marketreportsworld.com,,158
guardianbookshop.com,,152
caughtoffside.com,,148
newsy.com,,147
politi.co,,146
truthout.org,,145
igs4ds.net,,143
hoopsrumors.com,,142
insider-inc.com,,135
zdbb.net,,133
wrestlinginc.com,,133
thomsonreuters.com,Foreign News,130
airforcetimes.com,,128
10best.com,,125
checkyourfact.com,,121
acorns.com,,120
blazetv.com,,115
americanindependent.com,,114
tribunecontentagency.com,,111
milannews.it,Foreign News,106
onelink.me,,105
parler.com,Platform,105
thestacker.com,,101
twitchy.com,,101
tmsnrt.rs,Other,99
jetsxfactor.com,,99
marinecorpstimes.com,Domestic News,99
njih.net,,98
cmail19.com,Other,98
mycapture.com,,98
wicz.com,,97
horseandhound.co.uk,Foreign News,96
barbend.com,,95
espn.go.com,Domestic News,94
lastingmemories.com,,93
pixabay.com,Other,90
fantasypros.com,,88
sempremilan.com,,87
calciomercato.com,,87
centerstreet.com,,86
newconstructs.com,,86
thenewcivilrightsmovement.com,,85
theboyhotspur.com,,85
hockeydb.com,,83
bbref.com,,82
valuates.com,,82
phillysportsnetwork.com,Domestic News,82
devilsarmyblog.com,,78
cna.st,,78
tomahawknation.com,,78
americanow.com,,77
saturdayeveningpost.com,,76
gazettenet.com,,76
huffingtonpost.in,Foreign News,75
bearingarms.com,,74
oahupublications.com,,74
247wallst.com,,73
aitrends.com,,69
bloom.bg,Domestic News,69
conservativereview.com,,68
dodxnr.net,,68
ally.com,Other,68
fark.com,,67
grandviewresearch.com,,66
justarsenal.com,Foreign News,66
christianscience.com,Domestic News,66
wearehearken.com,,66
jotform.com,Other,64
yec.co,,63
sidedeal.com,,62
wtvm.com,,62
mmajunkie.com,,61
dailybreeze.com,,60
theclemsoninsider.com,,60
smart.link,,60
rd.com,,60
marijuanamoment.net,,58
freddiemac.com,Other,58
sgvtribune.com,,57
balldurham.com,,57
stathead.com,,56
sailingscuttlebutt.com,,56
nextavenue.org,,55
presstelegram.com,,55
rhs.org.uk,,55
shrsl.com,,54
coronaviruscommission.com,,54
fox26houston.com,Domestic News,54
visaliatimesdelta.com,,53
surfer.com,,52
kayosports.com.au,,51
feedburner.com,,51
sunjournal.com,,51
pntrac.com,,51
lexis.com,,50
pjatr.com,,50
sedar.com,,50
abs.gov.au,Foreign Government,50
houzz.com,,49
sap.com,,49
flexjobs.com,,48
cubbiescrib.com,,48
marketresearchengine.com,Other,48
unsplash.com,Other,48
insidethehall.com,,47
chtbl.com,,47
drizly.com,,47
synbiobeta.com,,47
capitalone.com,,47
sport.es,,47
blogtalkradio.com,,46
808ne.ws,,46
hoodline.com,,46
fvap.gov,,46
ellevatenetwork.com,,45
cavaliersnation.com,,45
greenbaypressgazette.com,,45
prlog.org,,45
kiji.is,,44
idevaffiliate.com,,43
theworld.org,,43
dailybulletin.com,,43
pitchbook.com,,43
nla.gov.au,,43
berkshireeagle.com,,42
forrester.com,,42
jconline.com,,42
morningsave.com,,41
dawgnation.com,,41
tidal.com,,40
dcreport.org,,40
mi.gov,,40
mackinacisland.org,,40
zenger.news,,40
reportsanddata.com,,39
umblr.com,,39
jdoqocy.com,,39
unicefusa.org,,39
8utb.net,,39
mundodeportivo.com,,39
vudu.com,,39
orlandomagicdaily.com,,38
taxnotes.com,,38
internationalliving.com,,38
everlane.com,,37
eepurl.com,,37
ringsidenews.com,,37
guardiannewsandmedia.formstack.com,,36
rubbingtherock.com,,36
egbertowillies.com,,36
transfermarkt.com,,36
breakingviews.com,,36
airbornebook.com,,36
talksport.com,,36
wapo.st,,36
pfref.com,,36
strettynews.com,,36
juvefc.com,,36
palmettobluff.com,,36
pasadenastarnews.com,,36
fbschedules.com,,35
trumpingobama.com,,35
lehighvalleylive.com,,35
rki.de,,35
dell.com,,35
zonazealots.com,,35
fortunebusinessinsights.com,,34
pelicandebrief.com,,34
sixflags.com,,34
rya.org.uk,,34
createsend1.com,,34
gutools.co.uk,,33
reutersconnect.com,,33
newseum.org,,33
commonwealthmagazine.org,,33
covid19healthsystem.org,,33
packersnews.com,,33
duke-energy.com,,33
megaphone.link,,33
eyesonisles.com,,33
kingjamesgospel.com,,33
bleepingcomputer.com,,33
allucanheat.com,,33
mailtrack.io,,32
americanfreepress.net,,32
pittsburghhockeynow.com,,32
pitcherlist.com,,32
musicbusinessworldwide.com,,32
fox13memphis.com,,32
sportressofblogitude.com,,32
soompi.com,,32
upworthy.com,,32
bzfd.it,,32
pureflix.com,,32
totalwine.com,,32
teamrankings.com,,32
unimelb.edu.au,,31
tkqlhce.com,,31
foreverblueshirts.com,,31
idtechex.com,,31
sportstalkatl.com,,31
stacksocial.com,,30
houstontx.gov,,30
voxmedia.com,,30
usdirectexpress.com,,30
emojipedia.org,,30
brooksbaseball.net,,30
sportsdirectinc.com,,30
insider-intelligence.com,,30
insiderintelligence.com,,30
nraila.org,,30
packers.com,,30
.urldefense.com,Other,30
bankofamerica.com,Other,30
valleyofthesuns.com,,29
caesarscasino.com,Other,29
cyclones.com,,29
cmss.org,,29
lagrangenews.com,,29
undark.org,,29
c4isrnet.com,,29
usenix.org,,29
vzew.net,,29
ricochet.com,,29
thedailyhoosier.com,,29
disneyland.disney.go.com,,29
riteaid.com,,28
dodgerblue.com,,28
riskhedge.com,,28
flipboard.com,,28
documented.net,,28
milanlive.it,,28
linkev.com,,28
wboc.com,,28
dynastyleaguebaseball.com,,28
utla.net,,28
bt.com,,27
jihadwatch.org,,27
accenture.com,,27
joerogan.net,,27
hoopshype.com,,27
treasury.gov.au,,27
criterion.com,,27
home.barclays,,27
climatedesk.org,,27
az.gov,,27
forbestravelguide.com,,27
transfermarkt.co.uk,,26
fnlondon.com,,26
todofichajes.com,,26
castbox.fm,,26
fox19.com,,26
kingcounty.gov,,26
5ad6.net,,26
retailwire.com,,26
backcountry.com,,26
.c212.net,,26
theuconnblog.com,,26
hospitalmedicine.org,,26
contemptor.com,,26
ktvn.com,,26
csiro.au,,26
rospotrebnadzor.ru,,26
foxtel.com.au,,26
dailystar.co.uk,,26
lnks.gd,,26
flexlinkspro.com,,25
fcbarcelona.com,,25
thevikingage.com,,25
theage.com.au,,25
tipranks.com,,25
gbmwolverine.com,,25
tate.org.uk,,25
cointelegraph.com,,25
gamestop.com,,25
sgndr.online,,25
78cfvm.net,,25
yachtingworld.com,,25
globalsistersreport.org,,25
getyarn.io,,25
radiopublic.com,,25
grattan.edu.au,,25
dickssportinggoods.com,,25
airbus.com,,24
theglobalist.com,,24
unicornriot.ninja,,24
fb.me,,24
nytco.com,,24
parsintl.com,,24
caller.com,,24
ochealthinfo.com,,24
historyofvaccines.org,,24
com.us13.list-manage.com,,24
anthropologie.com,,24
carto.com,,24
birchgold.com,,24
citi.com,,24
empireofthekop.com,,24
thesixersense.com,,24
missoulian.com,,24
fox21delmarva.com,,24
garmin.com,,24
medshare.org,,23
nexusmods.com,,23
lombardiave.com,,23
greatfallstribune.com,,23
servicenow.com,,23
flsenate.gov,,23
sling.com,,23
brandpoint.com,,23
reelgood.com,,23
behindthebuckpass.com,,23
beinsports.com,,23
routesonline.com,,23
healthday.com,,23
amtrak.com,,23
dividendchannel.com,,23
wtnzfox43.com,,23
awaytravel.com,,23
avantlink.com,,23
sammobile.com,,23
ihg.com,,23
lvmh.com,,22
medicalcountermeasures.gov,,22
joinzoe.com,,22
sanofi.com,,22
wbay.com,,22
psmarketresearch.com,,22
pbpstats.com,,22
lexisnexis.com,,22
79ic8e.net,,22
dailycallernewsfoundation.org,,22
androidauthority.com,,22
triathlon.org,,22
politico-energy.simplecast.com,,22
iihs.org,,22
themuse.com,,22
powerbi.com,,22
pippa.io,,22
liverpoolfc.com,,22
powerball.com,,22
unwto.org,,22
arsenal.com,,22
stats.com,,22
attfm2.net,,22
donbalon.com,,22
yahoomobile.com,,22
penguin.co.uk,,22
prohockeyrumors.com,,22
fentybeauty.com,,22
gtly.to,,22
amazon.com.au,,21
bl.uk,,21
plnk.to,,21
gazzetta.it,,21
industry.gov.au,,21
broadbandchoicespartners.co.uk,,21
federaltimes.com,,21
chopchat.com,,21
thehealthy.com,,21
twinsdaily.com,,21
qualcomm.com,,21
disqus.com,,21
maryville.edu,,21
whoscored.com,,21
contrarianoutlook.com,,21
www.buzzsprout.com,,21
washtenaw.org,,21
tourismvancouver.com,,21
annenbergpublicpolicycenter.org,,21
bestblackfriday.com,,21
supplementscoop.com,,21
redherring.com,,21
matterport.com,,21
acenet.edu,,21
civilbeat.org,,21
berkshirehathaway.com,,21
raymondibrahim.com,,21
nsidc.org,,21
therealnews.com,,20
azcardinals.com,,20
sportwitness.co.uk,,20
aliengearholsters.com,,20
peoplespolicyproject.org,,20
fitterandfaster.com,,20
capitalandmain.com,,20
csglobalpartners.com,,20
fidelity.com,,20
weei.radio.com,,20
airalamo.com,,20
mauryregional.com,,20
pexels.com,,20
three.co.uk,,20
covidmapping.org,,20
360researchreports.com,,20
marksandspencer.com,,20
basketballinsiders.com,,20
theepochtimes.com,,20
americanhunter.org,,20
uclabruins.com,,20
nevadawolfpack.com,,20
oddsshark.com,,20
photoshelter.com,,20
buffalohockeybeat.com,,20
murrayscheese.com,,20
mom.gov.sg,,20
votingbooth.media,,20
manutd.com,,20
environment.gov.au,Foreign Government,20
cmail20.com,Other,20
imperfectfoods.com,Other,20
riggosrag.com,Domestic News,19
fccid.io,Other,19
f4wonline.com,Domestic News,19
dailysteals.com,Other,19
syriahr.com,Other,19
bboutique.co,Other,19
wrestletalk.com,Domestic News,19
cbiu.gov.dm,Foreign Government,19
nationalenquirer.com,Domestic News,19
finastra.com,Other,19
patriots.com,Other,19
labormarketinfo.com,Other,19
liverpoolecho.co.uk,Foreign News,19
nos.nl,Foreign News,19
humbledollar.com,Other,19
forms.fm,Other,19
cardplayer.com,Other,19
hookem.com,Domestic News,19
ilfattoquotidiano.it,Foreign news,19
megaphone.fm,Other,19
tgam.ca,Foreign News,19
retaildive.com,Other,19
crowdcast.io,Other,19
ij.org,Other,19
ioym.net,Other,19
guess.com,Other,19
americanoversight.org,Other,19
blueseatblogs.com,Domestic News,19
dexerto.com,Domestic News,19
cagesideseats.com,Domestic News,19
phr.org,Other,19
prosoccerusa.com,Other,19
jdpower.com,Other,19
adflegal.org,Other,19
worldpoliticsreview.com,Domestic News,19
simple.com,Other,19
directrelief.org,Other,19
geni.us,Platform,19
earlybirdrights.com,Other,18
section215.com,Domestic News,18
ucanr.edu,Other,18
milwaukee.gov,Government,18
footballinsider247.com,Domestic News,18
rrmo.net,Other,18
bungie.net,Other,18
timesonline.com,Domestic News,18
montgomeryadvertiser.com,Domestic News,18
lausd.net,Other,18
evyy.net,Other,18
caesars.com,Other,18
dailyrecord.co.uk,Foreign News,18
dallascowboys.com,Other,18
smartnews.be,OTher,18
giants.com,Other,18
howardschultz.com,Other,18
very.co.uk,Other,18
mapleleafshotstove.com,Other,18
thedailygoalhorn.com,Domestic News,18
1strcf.org,Other,18
bkref.com,Other,18
southsideshowdown.com,Domestic News,18
goldenskate.com,Foreign News,18
myfloridaelections.com,Other,18
dishbydish.net,Other,18
ipbes.net,Other,18
westelm.com,Other,18
jachsny.com,Other,18
statcounter.com,Other,18
3m.com,Other,18
vam.ac.uk,Other,18
energyeducation.ca,Other,18
civileats.com,Domestic Government,18
eipartnership.net,Other,18
gouvernement.fr,Foreign Government,18
uga.edu,Other,18
deals.kinja.com,Other,18
traillink.com,Other,18
friarsonbase.com,Domestic News,18
nicolelapin.com,Other,18
pvxt.net,Other,18
thehayride.com,Domestic News,18
eso.org,Other,18